czech-polka,Ghost Riders in the Sky - Johnny Cash - Full Song,https://www.youtube.com/watch?v=Mynzbmrtp9I,
czech-polka,Johnny Cash Ring Of Fire lyrics,https://www.youtube.com/watch?v=7MK1OlxPFhQ,Country Polka Routine
czech-polka,A Round About Christmas -Kingston Trio,https://www.youtube.com/watch?v=eL3NAoQMIR8,Christmas
czech-polka,The Merry Christmas Polka,https://www.youtube.com/watch?v=DUg88kBRTpo,Christmas
czech-polka,Merry Christmas Polka - Jim Reeves,https://www.youtube.com/watch?v=SjQ2K0ARlaA,Christmas
czech-polka,Old Fashioned Christmas Polka,https://www.youtube.com/watch?v=5yycFBFwjbs,Christmas
czech-polka,Animaniacs - Yakko's World - HIGH QUALITY,https://www.youtube.com/watch?v=x88Z5txBc7w,Use this song for the Czech Polka Game
czech-polka,VeggieTales: Larry's High Silk Hat - Silly Song,https://www.youtube.com/watch?v=i9KqphtT5fs&t=1s,Funny
czech-polka,Natalie MacMaster - David's Jig (HQ),https://www.youtube.com/watch?v=-Z7Q9HQ8Mao,
czech-polka,Little Brown Jug/Skip To My Lou/Polly Wolly Doodle Medley,https://www.youtube.com/watch?v=kuaOybChKSo,
czech-polka,I Love To Polka (Red Raven Polka),https://www.youtube.com/watch?v=8W5R2dhjOMY,
czech-polka,Walter Ostanek - More Polka Greats - Rolling Rock Polka,https://www.youtube.com/watch?v=2d2NNTS5Yoo,
czech-polka,Walter Ostanek - More Polka Greats - Mama Inez Polka,https://www.youtube.com/watch?v=NXD4T9Gcphs,
czech-polka,Bye Bye My Baby Polka,https://www.youtube.com/watch?v=sZAZfPNwyug,
czech-polka,Johnny Cash- Highway Man,https://www.youtube.com/watch?v=SL_-bobJuYA,
paso-doble,That one paso song,https://www.youtube.com/watch?v=4Z81q8ke0iE,
paso-doble,PasoDoble - Smooth Criminal (60 BPM),https://www.youtube.com/watch?v=jAWidPHL-lk,
paso-doble,Paso Doble - He's A Pirate (60 BPM),https://www.youtube.com/watch?v=hCyOwYJcbe8,
paso-doble,Paso Doble - Bring Me To Life (60 BPM),https://www.youtube.com/watch?v=ds31SM84Hgk,
paso-doble,PasoDoble - Skyfall Paso (60 BPM),https://www.youtube.com/watch?v=x3aJDLxiujk,
paso-doble,PASO DOBLE | Dj Ice - Writing's On The Wall,https://www.youtube.com/watch?v=0hX8WEG5Frk,
paso-doble,Paso Doble music: C. Novelli – El Sombrero,https://www.youtube.com/watch?v=F0_9S_r-FuQ,
paso-doble,Paso Doble Music: Spanish Gypsy Dance (España Cañi) No. 1,https://www.youtube.com/watch?v=sswCr5rCPqc,Paso Routine music
paso-doble,PASO DOBLE | Dj Ice - Imperial March (from Star Wars),https://www.youtube.com/watch?v=SA8MaORQuuc,
tango,Tango - Somebody That I Used To Know,https://www.youtube.com/watch?v=pGx9674bYO0,Beginner
tango,Pirates of The Caribbean - He's a Pirate - Tango,https://www.youtube.com/watch?v=xnY9qQbqmoE,
tango,Tango - Roxanne,https://www.youtube.com/watch?v=ic4PQ-tnwJw,
tango,"""Tango In The Park"" by Vito DiSalvo",https://www.youtube.com/watch?v=FnC1MTGMtV8,Beginner
tango,Black Tango,https://www.youtube.com/watch?v=J0vX5K1A97s,Halloween
tango,Tango - Impressionante (Voice),https://www.youtube.com/watch?v=to1HtPSSzGQ,
tango,Tango - La Felicidad,https://www.youtube.com/watch?v=qsv09uCiNu4,
tango,Tango - Can t Get You Out Of My Head,https://www.youtube.com/watch?v=WDX66uLFOV4,
tango,Tango music: Shaggy Feat. Brian & Tony Gold – Hey Sexy Lady,https://www.youtube.com/watch?v=ZMOOYJhuxcg,
tango,Tango music: Hisao Sudo – He's A Pirate,https://www.youtube.com/watch?v=N7IZcMoM4zs,
tango,Tango - Sweet Dreams,https://www.youtube.com/watch?v=50qyL31QN9Q,
tango,Tango music: Bryson Andres – Glad You Came,https://www.youtube.com/watch?v=mRv1DmZpl6s,
tango,The Phantom of the Opera,https://www.youtube.com/watch?v=DAygivq8bvk,
tango,Masochism Tango [Letomi's 13 Days of Halloween Music Day 3],https://www.youtube.com/watch?v=vETEsTQ_CC8,Funny
tango,Tango Passion,https://www.youtube.com/watch?v=SnLpxam-Ahw,
tango,Let It Snow (Tango - 33 T/M),https://www.youtube.com/watch?v=4KEzrDNNwew,Christmas
tango,Tango - It's Christmas time,https://www.youtube.com/watch?v=yekFXXW56Pk,Christmas
tango,VeggieTales: Endangered Love (Barbara Manatee) - Silly Snog,https://www.youtube.com/watch?v=tpcf_qD3GW4,Funny
tango,VeggieTales: The HairbrushSong - Silly Song,https://www.youtube.com/watch?v=LtHr7gluh08,Funny
tango,GOTAN PROJECT - La Gloria (official video),https://www.youtube.com/watch?v=FFzk_MX1DCo,Beginner
tango,Gotan Project - Santa Maria (Del Buen Ayre),https://www.youtube.com/watch?v=mQusfSWFt6M,Good for practice
tango,Caro Emerald - The Lipstick On His Collar,https://www.youtube.com/watch?v=2gGa4kXLj6c,
tango,Kovacs - My Love,https://www.youtube.com/watch?v=M_kTSBqQkME,
tango,Mulan- I'll Make A Man Out of You (FULL HD),https://www.youtube.com/watch?v=j9MfuWSQoWc,Funny
tango,Potter Puppet Pals Tango,https://www.youtube.com/watch?v=744FOoUrsHU&t=,Funny
tango,Tango music: Claudio Novelli – European Tango,https://www.youtube.com/watch?v=HehkuDYdSU8,
tango,Tango music: Gotan Project – La Viguela,https://www.youtube.com/watch?v=xx6fzgQw0FY,
tango,Tango music: Waiting For The Night,https://www.youtube.com/watch?v=wFaX54QZWpE,
tango,Caro Emerald - Excuse My French,https://www.youtube.com/watch?v=aRJ8Gkis40Y,
tango,Tango Music: Essa by Otros Aires,https://www.youtube.com/watch?v=FVBpLPQpyss,
tango,I Love You All The Time - Imagine Dragons (Lyrics),https://www.youtube.com/watch?v=qsRMMwzV9PI,
samba,Sia - Cheap Thrills ft. Sean Paul - SAMBA training tempo,https://www.youtube.com/watch?v=t3Z-6TWn_hA,
samba,Samba - Run The Show (51 BPM),https://www.youtube.com/watch?v=-_pRzXVrHsw,
samba,Mi chica - Sarbei (Samba),https://www.youtube.com/watch?v=ATYCKxc_y0s,
samba,Esto Riko - Samba,https://www.youtube.com/watch?v=shmzJXGsWF0,
samba,Baila Baila Comigo - Domino,https://www.youtube.com/watch?v=AlBeTzOVICE,
samba,Samba music: Enur feat. Natasja – Calabria,https://www.youtube.com/watch?v=lrxUAcU9x2s,
samba,Shape of You - Ed Sheeran,https://www.youtube.com/watch?v=_dK2tDK9grQ,
samba,Samba - Mr Saxobeat,https://www.youtube.com/watch?v=_ph9JqL6un4,
samba,El General - Move It Up,https://www.youtube.com/watch?v=5mcEWoJd3N4,
samba,Dj Maksy - feel the rythm samba,https://www.youtube.com/watch?v=_mpMXIkMpzQ,
samba,SAMBA | Light It Up (André & Dj Move It Remix) - 51bpm,https://www.youtube.com/watch?v=x4oTfEjSLz0,
samba,Samba - Wanna See U Dance (51 BPM),https://www.youtube.com/watch?v=nH259sLad1Y,
samba,Samba - Stereo Love,https://www.youtube.com/watch?v=1U-SmxAEpC8,
samba,Light it Up - Major Lazer,https://www.youtube.com/watch?v=r2LpOUwca94,
samba,Samba - Ai Se Eu Te Pego (51 BPM),https://www.youtube.com/watch?v=TXN8-jys8p8,
samba,Samba - Danza Kuduro (New Mix) (51 BPM),https://www.youtube.com/watch?v=2eRJFYvpiUM,
samba,Monster - Rihanna ft. DJ Tmitya (Samba 52 BPM),https://www.youtube.com/watch?v=gypIup7IHNU,
samba,Samba music: Yano – Chica Bacilona,https://www.youtube.com/watch?v=9i-96YW9LUA,
samba,SAMBA | CDM & DJ ICE - I'm Into You (50 BPM),https://www.youtube.com/watch?v=T08IFcVHmIk,
samba,Alexandra Joner ft. Mohombi - Bottoms Up,https://www.youtube.com/watch?v=AQgFaHcNyJY,
samba,Shakira-Hips Don't Lie lyrics!,https://www.youtube.com/watch?v=dWErisOfeyE,
samba,Mi Gente,https://www.youtube.com/watch?v=sJgjKUK5_VA,
samba,7. Jackson 5 - I Want You Back,https://www.youtube.com/watch?v=DGDyAb6pePo,
samba,Have Yourself A Merry Christmas (Samba - 51 T/M),https://www.youtube.com/watch?v=OzsDA6a5WTM,Christmas
samba,Samba - Deck the Rooftop (50 BPM),https://www.youtube.com/watch?v=9yG6mNop8dc,Christmas
samba,VeggieTales: Song of the Cebu - Silly Song,https://www.youtube.com/watch?v=_uv8Ej4CEoQ,Funny
samba,Rockabye (feat. Sean Paul & Anne-Marie),https://www.youtube.com/watch?v=mVw5KiGwqaQ,
samba,Jason Derulo Swalla BY DJERICKSON 98 BPM 2017,https://www.youtube.com/watch?v=qXsvgIPgv_o,
samba,Under The Sea (Samba),https://www.youtube.com/watch?v=DUAX98MTI_I,
samba,Samba music: Los Ritmos Calientes – Sambando,https://www.youtube.com/watch?v=Swkc_4-7unA,
samba,Samba music: Olga Tañon – Hielo Y Fuego,https://www.youtube.com/watch?v=XQSxV0R6dUY,
chacha,I Like it Like That - Pete Rodriguez,https://www.youtube.com/watch?v=fQmix5oOCdg,
chacha,Smooth - Santana,https://www.youtube.com/watch?v=zm3HBkx--V8,
chacha,Pao Pao by Elli Kokkinou,https://www.youtube.com/watch?v=QBXBcVJ7ARA,Beginner
chacha,Caro Emerald - Whatchugot,https://www.youtube.com/watch?v=mifFsAsHTq8,
chacha,Oh My! - Haley Reinhart,https://www.youtube.com/watch?v=Epv8dcWr_10,
chacha,Desamiado Fuerte - Alexandre Pirez,https://www.youtube.com/watch?v=Ml5ZU4I1dok,
chacha,Watermelon Man - Dan the Automater,https://www.youtube.com/watch?v=d8E8whzKTA8,
chacha,Margaritavilla - Jimmy Buffett,https://www.youtube.com/watch?v=ue2-ZVxpVjc,
chacha,Uptown Girl - Billy Joel,https://www.youtube.com/watch?v=nEIcTstEmnQ,
chacha,Cha cha cha music: El Rubio Loco – Cha Charanga,https://www.youtube.com/watch?v=HpMmdEOeleY,
chacha,Cha cha cha music: Rey Ruiz – Ay Mujer,https://www.youtube.com/watch?v=3CI2ZFMD9wQ,
chacha,"Earth, Wind & Fire - September",https://www.youtube.com/watch?v=ter0p_iyIxk,
chacha,ChaCha - She Doesn't Mind (31 BPM),https://www.youtube.com/watch?v=TRL2-ExXkNg,
chacha,Amor,https://www.youtube.com/watch?v=bAE5Ua7oENw,
chacha,José Feliciano - Feliz Navidad,https://www.youtube.com/watch?v=Y82UimBZ964,Christmas
chacha,Caro Emerald - My 2 Cents (Bart & Baker Remix),https://www.youtube.com/watch?v=uz5FRvjHnto,
chacha,Jason Derulo - Kiss The Sky (Lyrics),https://www.youtube.com/watch?v=FHNF4zIJ-Mk,
chacha,Brandy (your a fine girl)- looking glass,https://www.youtube.com/watch?v=DVx8L7a3MuE,
chacha,No Charge (Caro Emerald),https://www.youtube.com/watch?v=benZkc6uq5o,
chacha,Omi - Hula Hoop (Official Video),https://www.youtube.com/watch?v=558IZeWjOZ8,
east-coast,Miss Kiss Kiss Bang (Radio Version),https://www.youtube.com/watch?v=W-7QTvOYRv8,
east-coast,Ex's & Oh's - Elle King,https://www.youtube.com/watch?v=6nXI6r6aCoU,
east-coast,Dance with Me Tonight - Olly Murs,https://www.youtube.com/watch?v=xTWXbsSnaqo,
east-coast,It's Still Rock and Roll to Me - Billy Joel,https://www.youtube.com/watch?v=5eAQa4MOGkE,
east-coast,I'm in Love with a Monster - Fifth Harmony,https://www.youtube.com/watch?v=WBsMfWQuKrg,
east-coast,Twist and Shout - the Beatles,https://www.youtube.com/watch?v=eFW2cYc4t-w,
east-coast,All My Loving - The Beatles,https://www.youtube.com/watch?v=pOxAqhTaXzw,
east-coast,The Bait - Electric Guest,https://www.youtube.com/watch?v=FVZZnHDLbLE,
east-coast,Confident- Demi Lovato [Lyric],https://www.youtube.com/watch?v=udLuRz9nP6A,Christmas
east-coast,John Denver & The Muppets-Little Saint Nick,https://www.youtube.com/watch?v=kDkRvfo8jVE,Christmas
east-coast,VeggieTales: Pizza Angel - Silly Song,https://www.youtube.com/watch?v=jEUJTo6-stg,Funny
east-coast,Kiss - Rock'n Roll All Night (HD),https://www.youtube.com/watch?v=B_oFiNdp8UQ,
east-coast,Only the Good Die Young - Billy Joel,https://www.youtube.com/watch?v=zhjNm20XbXw,
east-coast,Nine In The Afternoon - Panic! At The Disco Lyrics,https://www.youtube.com/watch?v=lQPlvB5Enm0,
east-coast,[Electro Swing] Fred A. Staire feat. Alex Larke - Dancing Cheek to Cheek,https://www.youtube.com/watch?v=OGNg4cmyGow,
east-coast,Say You Will -- Stevie Nicks,https://www.youtube.com/watch?v=-Rg1Gtni-a0,
east-coast,Empire Of The Sun - Walking On A Dream w/lyrics,https://www.youtube.com/watch?v=PGUU7CiK7YU,
east-coast,Modest Mouse - Dashboard (Video),https://www.youtube.com/watch?v=penvn9VL32Y,
east-coast,Sugar Boats by Modest Mouse (Lyrics),https://www.youtube.com/watch?v=FxnO8SXQmpo,
east-coast,Ooh La the kooks,https://www.youtube.com/watch?v=LdblA1GuwXU,
east-coast,Australia,https://www.youtube.com/watch?v=VByYGqabtow,
east-coast,Caro Emerald - Quicksand (Lyric Video),https://www.youtube.com/watch?v=J5LscGfyLZY,
east-coast,The kooks - Stormy Weather lyrics,https://www.youtube.com/watch?v=qY05mf6ekmg,
east-coast,Elvis Presley - Jailhouse Rock (Music Video),https://www.youtube.com/watch?v=gj0Rz-uP4Mk,
east-coast,Caravan Palace - Tattoos,https://www.youtube.com/watch?v=qQ-Pyx4joKM,
east-coast,Caravan Palace - Suzy,https://www.youtube.com/watch?v=1RaKSRU60bw,
east-coast,Caravan Palace - La caravane,https://www.youtube.com/watch?v=PFwk_sRqc7k,
east-coast,Nancy Sinatra - These Boots Are Made for Walkin',https://www.youtube.com/watch?v=rypT2qMO1RY,
east-coast,Chuck Berry - Johnny B. Goode [HQ],https://www.youtube.com/watch?v=I8JULmUlGDA,
east-coast,Blues Traveler - Run-Around,https://www.youtube.com/watch?v=Gb5YSIiMNqY,
east-coast,The Sweet Escape - Gwen Stefani ft Akon,https://www.youtube.com/watch?v=psrjbmOv4RA,
rumba,Rumba music: Jose Feliciano – Cuando Pienso En Ti,https://www.youtube.com/watch?v=9Cx5Pbjrrmg,
rumba,Rumba music: Addicted To You,https://www.youtube.com/watch?v=cWgJiTL558c,
rumba,Rumba music: Sugar,https://www.youtube.com/watch?v=jeVpF93HmXI,
rumba,Rumba music: Benefit – Sex Sells,https://www.youtube.com/watch?v=rLsVdxXzu40,
rumba,Rumba music: Poets of the Fall – Sleep Sugar,https://www.youtube.com/watch?v=2iNPXJPBido,
rumba,Rumba - Just Give Me A Reason,https://www.youtube.com/watch?v=a9NWcf1Y1Ec,
rumba,Rumba - Just The Way You Are,https://www.youtube.com/watch?v=eGV5IIee-Sg,
rumba,Last Christmas Rumba,https://www.youtube.com/watch?v=Ka8NqlkIAOI,Christmas
rumba,Mucho Corazon,https://www.youtube.com/watch?v=-8U3kGs8ETQ,
rumba,Slow Rumba - Mario Berger,https://www.youtube.com/watch?v=H-dnjFj3_RU,
rumba,VeggieTales: His Cheeseburger - Silly Song,https://www.youtube.com/watch?v=EI9yvAx3uCQ,Funny
rumba,Glass Animals - Gooey (official audio),https://www.youtube.com/watch?v=jeo3an2M_Lo,
waltz,At this Moment - Michael Buble,https://www.youtube.com/watch?v=6PhTe_r1_nY,Beginner --Good beat to learn to
waltz,Come Away with Me - Nora Jones,https://www.youtube.com/watch?v=O1wswB-763c,Beginner - Better beat to learn to
waltz,Dark Waltz Music - Gothic Ballroom,https://www.youtube.com/watch?v=STIsEKfZLsQ,
waltz,Valzer Lento - Sleepsong,https://www.youtube.com/watch?v=zRudWXrREco,
waltz,Slow Waltz - Skyfall,https://www.youtube.com/watch?v=JAUGEsmppqk,
waltz,Moon River - The Royal Philharmonic Orchestra,https://www.youtube.com/watch?v=SYHbqLUevn8,Beginner
waltz,Concerning Hobbits (from Lord Of the Rings),https://www.youtube.com/watch?v=PsqK3DQ1DCU,
waltz,Waltz - Rose (29 BPM),https://www.youtube.com/watch?v=FDLYAqfz6EQ,
waltz,Aspenglow - John Denver,https://www.youtube.com/watch?v=xPcq6Mw4pRo,Christmas
waltz,Away in a Manger,https://www.youtube.com/watch?v=r14plw_kXZs,Christmas
waltz,John Denver - Silver Bells,https://www.youtube.com/watch?v=nGcTUO-kCns,Christmas
waltz,Clint Black - When I Said I Do,https://www.youtube.com/watch?v=ZgalAdgEd-E,Country Waltz
waltz,Klaus Hallen – Earth Song- Slow Waltz music,https://www.youtube.com/watch?v=wxNrkH5tZ6w,
vwaltz,Favorite Things - Andy Williams,https://www.youtube.com/watch?v=3DJVDH3NSVU,
vwaltz,Valse de Amelie - Hollywood Movie Strings,https://www.youtube.com/watch?v=biW91O1NkAI,
vwaltz,Dj Ice - Song Of The Dragonborn (from Skyrim),https://www.youtube.com/watch?v=h9bbdenWSGI,
vwaltz,Original Carol of the bells song,https://www.youtube.com/watch?v=Wq73h6XZQGA,Christmas
vwaltz,John Denver & The Muppets- We Wish You a Merry Christmas,https://www.youtube.com/watch?v=J2dmWwEoZIQ,Christmas
vwaltz,Carol of the Bells Texas State Men and Boys Choir,https://www.youtube.com/watch?v=q23V7rDj27Y,Christmas
vwaltz,It's The Most Wonderful Time (Vienna Waltz - 58 T/M),https://www.youtube.com/watch?v=0lfmpmlONwU,Christmas
vwaltz,Viennese waltz-Once upon a dezember,https://www.youtube.com/watch?v=aYAbUyAF-pk,
vwaltz,Viennese Waltz music: C.Novelli – Dominique Valse,https://www.youtube.com/watch?v=VzJO2fVHOiU,
vwaltz,Viennese Waltz music: Markus Schöffl – Breathe easy,https://www.youtube.com/watch?v=25BBPzx0KSQ,
vwaltz,Valzer Viennese - Chim Chim Cheree,https://www.youtube.com/watch?v=7xd5T90fbCQ,
vwaltz,Viennese Waltz - Secrets (59 BPM),https://www.youtube.com/watch?v=7vfv1o9uoeA,
vwaltz,Viennese Waltz music: Two Steps From Hell – After The Fall,https://www.youtube.com/watch?v=TSVYT9IJ2N0,
vwaltz,"Snail's House × In Love With a Ghost - ""Journey"" Official Music Video",https://www.youtube.com/watch?v=JTpcy7EGPYY,
quickstep,Caro Emerald - That Man (Official Video),https://www.youtube.com/watch?v=CFA6dEwWOb4,
quickstep,Quickstep music: Jazzotron – Get Up,https://www.youtube.com/watch?v=0aSD4xggrZQ,
quickstep,Caravan Place -- Lone Digger,https://www.youtube.com/watch?v=TbsBEb1ZxWA,
quickstep,QUICKSTEP | The Electro Swing Circus - Bella Belle (Dj Ice Remix) (50 BPM),https://www.youtube.com/watch?v=0lyVjuyLkp8,
quickstep,Quickstep - Sleigh Ride,https://www.youtube.com/watch?v=Wz7y7kBgXEM,Christmas
quickstep,Santa Claus Is Coming to Town (Quickstep),https://www.youtube.com/watch?v=zMQUGRaoFNI,Christmas
quickstep,VeggieTales: Wrapped Myself Up - Silly Song,https://www.youtube.com/watch?v=qRn3yuR8ciQ,Funny
quickstep,"""SING, SING, SING"" BY BENNY GOODMAN",https://www.youtube.com/watch?v=r2S1I_ien6A,
quickstep,Hit The Road Jack - Ray Charles (Lyrics),https://www.youtube.com/watch?v=OY4jondX6tg,
quickstep,Tape Five - Geraldines Routine (High Quality),https://www.youtube.com/watch?v=Wy_zUmRFuDA,
bolero,Andrea Boccelli *~*Besame Mucho*~*,https://www.youtube.com/watch?v=-c-S9fMZE7w,
bolero,Michael Buble - You'll Never Find (lyrics on screen),https://www.youtube.com/watch?v=XWcVT02CAT8,
jive,Candyman - Christina Aguilera,https://www.youtube.com/watch?v=ipa0GhPZYwA,
jive,Mr. Maker - The Kooks,https://www.youtube.com/watch?v=rFBZ4UKdtPQ,
jive,Barbara Ann - Beach Boys,https://www.youtube.com/watch?v=vPRonG87eKw,
jive,Jive - Broken Heels (43 BPM),https://www.youtube.com/watch?v=MV3u4WdjEV0,
jive,Shake Rattle and Roll - Bill Haley & the Comets,https://www.youtube.com/watch?v=8B7xr_EjbzE,
jive,Jive - Right Round (38 BPM),https://www.youtube.com/watch?v=VidswtTJXo4,
jive,Jive - Jingle Bell Rock,https://www.youtube.com/watch?v=C9SRSVXR5TY,Christmas
jive,Glee - Jingle Bell Rock (Lyrics),https://www.youtube.com/watch?v=VfLf7A_-1Vw,Christmas
jive,White Christmas Jive,https://www.youtube.com/watch?v=AUxhJeMJBo0,Christmas
jive,Lou Bega - Mambo No 5,https://www.youtube.com/watch?v=YeqOLxRDsV8,
jive,Pon de Replay,https://www.youtube.com/watch?v=ximFjhREL6U,
jive,LA Devotee,https://www.youtube.com/watch?v=7dQ1xiy-4hY,
jive,Rockin' Robin - Bobby Day,https://www.youtube.com/watch?v=LklFP1IG9KY,
jive,Phoenix - Lisztomania,https://www.youtube.com/watch?v=uF3reVVUbio,
jive,When Did Your Heart Go Missing?,https://www.youtube.com/watch?v=FaU8Rra5ivo,
jive,Rock It for Me,https://www.youtube.com/watch?v=DMMT7UBYksE,
jive,Mr. Blue Sky,https://www.youtube.com/watch?v=wuJIqmha2Hk,
jive,Bruno Mars - Runaway Baby,https://www.youtube.com/watch?v=CbE_fVjHdCY,
foxtrot,These Foolish Things - Andy Malm,https://www.youtube.com/watch?v=KbZ9YIEQcRA,
foxtrot,Pink Elephant - Cherry Poppin' Daddies,https://www.youtube.com/watch?v=-PI80bBTV8I,
foxtrot,I Like to Lead when I Dance - Peter Douglas,https://www.youtube.com/watch?v=4JZpxjyn9RY,
foxtrot,The Crocodile Song - Janis Ian,https://www.youtube.com/watch?v=kRJiTcip6Xg,
foxtrot,The Bioshock Song - video game 'Bioshock',https://www.youtube.com/watch?v=nYMd_Jg6F-s,
foxtrot,16 Tons - LeAnne Rimes,https://www.youtube.com/watch?v=dry6sODVTlI,
foxtrot,Dream a Little Dream of Me - Michael Buble,https://www.youtube.com/watch?v=GYDquRKTGc4,
foxtrot,Penny Lane - Beatles,https://www.youtube.com/watch?v=S-rB0pHI9fU,
foxtrot,Dreams - Fleetwood Mac,https://www.youtube.com/watch?v=My0Cp1FhLEA,
foxtrot,500 Miles - The Proclaimers,https://www.youtube.com/watch?v=tbNlMtqrYS0,
foxtrot,Sweet Caroline - Neil Diamond,https://www.youtube.com/watch?v=NsLyI1_R01M,
foxtrot,Dean Martin - Let it Snow!,https://www.youtube.com/watch?v=mN7LW0Y00kE,Christmas
foxtrot,Monster Mash (Lyrics),https://www.youtube.com/watch?v=SOFCQ2bfmHw,Halloween
foxtrot,White Christmas - John Denver,https://www.youtube.com/watch?v=ITzTsDgLk5k,Christmas
foxtrot,John Denver - Blue Christmas,https://www.youtube.com/watch?v=nQcHfwwwNrQ,Christmas
foxtrot,Caro Emerald - Just One Dance,https://www.youtube.com/watch?v=6QUmPZmkr4I,
foxtrot,Caro Emerald - Completely,https://www.youtube.com/watch?v=fJaoui-FLPU,
foxtrot,Hercules - I Won't Say I'm In Love (HD),https://www.youtube.com/watch?v=5Ee86DRxtHU,Funny
foxtrot,Ella & Louis - Cheek to Cheek,https://www.youtube.com/watch?v=GeisCvjwBMo,
foxtrot,Phantom Limb,https://www.youtube.com/watch?v=SlmOBsUurUo,
foxtrot,Caro Emerald - I'm Yours,https://www.youtube.com/watch?v=hjjLYj84m5k,
foxtrot,Frank Sinatra - Come Fly With Me,https://www.youtube.com/watch?v=HmQq6yLe2ww,
foxtrot,Frank Sinatra - The Way You Look Tonight Original,https://www.youtube.com/watch?v=h9ZGKALMMuc,
foxtrot,PERSONALITY ~ Johnny Mercer & The Pied Pipers (1945),https://www.youtube.com/watch?v=gMTPsumjfTA,
foxtrot,Tainted love ( chillout-jazz) - Berk & The Virtual Band,https://www.youtube.com/watch?v=sU2nYXRPLsY,
foxtrot,Slow fox - Theme of Pink Panther,https://www.youtube.com/watch?v=PrCeMWSzQCM,
foxtrot,Frank Sinatra - Fly Me to the Moon,https://www.youtube.com/watch?v=5hxibHJOE5E,
merengue,Better When I'm Dancing (Lyric Video) - Meghan Trainor,https://www.youtube.com/watch?v=-N4BKYMuAYo,
merengue,"Fuego - Super Estrella ft. Omega ""El Fuerte"" [Official Audio]",https://www.youtube.com/watch?v=IgoyKNXfYt8,
merengue,Erick Morillo - I Like To Move It,https://www.youtube.com/watch?v=DKVY9mQwXD0,
merengue,Danza Kuduro Don Omar Lyrics on Screen,https://www.youtube.com/watch?v=YWRcqF4FNqg,
merengue,Pitbull - Rain Over Me Ft. Marc Anthony [Lyrics],https://www.youtube.com/watch?v=QOxpqbIqMMg,
merengue,We Found Love,https://www.youtube.com/watch?v=iVbeVubutS0,
merengue,Alexandra Stan - Mr Saxobeat (Official Video),https://www.youtube.com/watch?v=sS76eS34Y0c,
merengue,Calabria 2008,https://www.youtube.com/watch?v=0v1QrZNDn64,
merengue,Timber,https://www.youtube.com/watch?v=vFX5SHo_6Rs,
salsa,Marc Anthony - Vivir Mi Vida,https://www.youtube.com/watch?v=alUhI7WUnh4,
salsa,"Harry Belafonte - Jump In The Line (Shake, Senora)",https://www.youtube.com/watch?v=VAC2WRbOgFY,
salsa,The Little Mermaid - Under the Sea,https://www.youtube.com/watch?v=GC_mV1IpjWA,Funny
salsa,Michael Buble - It Had Better Be Tonight,https://www.youtube.com/watch?v=p6KsEY0NIkE,
salsa,Marc Anthony - Valio La Pena (Salsa Version),https://www.youtube.com/watch?v=DrGjptSKhMA,
salsa,Shakira - Chantaje (Versión Salsa)[Official Video] ft. Maluma,https://www.youtube.com/watch?v=tVcE5PFXpbQ,
salsa,La 33 - Porque Yo,https://www.youtube.com/watch?v=4hcWllVrrkk,
west-coast,Fifth Harmony - Work from Home ft. Ty Dolla $ign Lyrics,https://www.youtube.com/watch?v=Po7e5jD18l0,
west-coast,JUSTIN TIMBERLAKE CAN'T STOP THE FEELING lyrics,https://www.youtube.com/watch?v=QEZq4I2wTBc,
west-coast,Cool Girl - Tove Lo (Lyrics)(HQ/HD),https://www.youtube.com/watch?v=By__MHdUCQY,
west-coast,The Chainsmokers - Closer (Lyric) ft. Halsey,https://www.youtube.com/watch?v=PT2_F-1esPk,
west-coast,Attention -- Charlie Puth,https://www.youtube.com/watch?v=vxUBYHz_q1I,
west-coast,How Long -- Charlie Puth,https://www.youtube.com/watch?v=7gBadWs9Bu8,
west-coast,Strip That Down,https://www.youtube.com/watch?v=ZTUWGn8TKL0,
west-coast,M83 'Midnight City' Official video,https://www.youtube.com/watch?v=dX3k_QDnzHE,
west-coast,"Zedd, Grey - The Middle (Lyrics) ft. Maren Morris",https://www.youtube.com/watch?v=xQzS3JnZQZM,
west-coast,Cold War Kids - So Tied Up ft. Bishop Briggs,https://www.youtube.com/watch?v=W7PlkjpabQY,
bachata,"Mickey Y Joell ""24 Horas"" - Por Tu Culpa (Lyric Video)",https://www.youtube.com/watch?v=aQ-TqbYZB6I,
bachata,Sentimento De Amor Zacarias Ferreira,https://www.youtube.com/watch?v=oDu4UOnHGOo,
bachata,Danza Kuduro Don Omar Lyrics on Screen,https://www.youtube.com/watch?v=YWRcqF4FNqg,
bachata,Last Christmas bachata version,https://www.youtube.com/watch?v=uIrDNiw8AUU,Christmas
bachata,Be My Baby,https://www.youtube.com/watch?v=bBpryOr-fi0,
hustle,ABBA Dancing Queen,https://www.youtube.com/watch?v=2ZUX3j6WLiQ,
hustle,ABBA Super Trouper,https://www.youtube.com/watch?v=bHPrbfng_Nw,
hustle,Cyndi Lauper - Girls Just Want To Have Fun (Lyrics),https://www.youtube.com/watch?v=cMWWBigvbkY,
hustle,ABBA Gimme! Gimme! Gimme! ( A Man After Midnight ),https://www.youtube.com/watch?v=JWay7CDEyAI,
hustle,Bee Gees - Stayin' Alive (Version 2),https://www.youtube.com/watch?v=KVqKgID07Fk,
hustle,Y.M.C.A.,https://www.youtube.com/watch?v=mMPSyOB2qNo,
hustle,Bee Gees - Night Fever (1977),https://www.youtube.com/watch?v=7R5NTfmwT_c,
hustle,Billie Jean - Michael Jackson,https://www.youtube.com/watch?v=Kr4EQDVETuA,
hustle,Thriller - Michael Jackson,https://www.youtube.com/watch?v=Z85lxckrtzg,
hustle,Michael Jackson - Bad (Shortened Version),https://www.youtube.com/watch?v=dsUXAEzaC3Q,
hustle,Survivor - Eye Of The Tiger,https://www.youtube.com/watch?v=btPJPFnesV4,
hustle,Rick Astley - Never Gonna Give You Up,https://www.youtube.com/watch?v=dQw4w9WgXcQ,
hustle,Blondie Heart Of Glass Lyrics,https://www.youtube.com/watch?v=UvDRfh2ANoU,
hustle,BLONDIE RAPTURE,https://www.youtube.com/watch?v=yimoQM6tIaA,
hustle,Duran Duran - Hungry Like The Wolf,https://www.youtube.com/watch?v=oOg5VxrRTi0,
hustle,Down Under -- Men at Work,https://www.youtube.com/watch?v=hfmxO-HQ5rU,
hustle,The Waitresses - Christmas Wrapping (Music Video),https://www.youtube.com/watch?v=nud2TQNahaU,Christmas
hustle,The Less I Know The Better -- Tame Impala,https://www.youtube.com/watch?v=FAcaAeIwl1Q,
hustle,Talk to much- COIN,https://www.youtube.com/watch?v=KWxM_zLJGsU,
hustle,Stevie Wonder Superstition,https://www.youtube.com/watch?v=0CFuCYNx-1g,
hustle,Breakbot - Baby I'm Yours,https://www.youtube.com/watch?v=6okxuiiHx2w,
hustle,"Oliver Cheatham, Get Down Saturday Night (Funk 1983) Full HD !",https://www.youtube.com/watch?v=uUqcBwQjj4k,